{
  "project_info": {
    "project_number": "763157255692",
    "project_id": "fire-flutter-d736e",
    "storage_bucket": "fire-flutter-d736e.appspot.com"
  },
  "client": [
    {
      "client_info": {
        "mobilesdk_app_id": "1:763157255692:android:c84b2fbaca9972bbb20029",
        "android_client_info": {
          "package_name": "com.example.firebase_flutter"
        }
      },
      "oauth_client": [
        {
          "client_id": "763157255692-skgiao9043l3f7sq7fs4brrplnrskrvv.apps.googleusercontent.com",
          "client_type": 3
        }
      ],
      "api_key": [
        {
          "current_key": "AIzaSyCXaOvGlmkgH1sB0eiRvE2tbbEuAqjyvqA"
        }
      ],
      "services": {
        "appinvite_service": {
          "other_platform_oauth_client": [
            {
              "client_id": "763157255692-skgiao9043l3f7sq7fs4brrplnrskrvv.apps.googleusercontent.com",
              "client_type": 3
            },
            {
              "client_id": "763157255692-2nlbij2ks47lskvg58p6rqpbqrsu9m36.apps.googleusercontent.com",
              "client_type": 2,
              "ios_info": {
                "bundle_id": "com.example.firebaseFlutter"
              }
            }
          ]
        }
      }
    }
  ],
  "configuration_version": "1"
}